id_cliente;nit;direccion
19601;9842949959;Cra 87 #16-13
19602;5254112868;Cra 39 #157-127
19603;6092363459;Cra 193 #59-43
19604;6999819750;Cra 112 #89-3
19605;3660616833;Cra 142 #58-51
19606;4015018351;Cra 62 #114-104
19607;7560854942;Cra 40 #66-90
19608;2148408887;Cra 38 #121-183
19609;5578074273;Cra 18 #145-140
19610;4799485899;Cra 51 #147-113
19611;5678297051;Cra 195 #180-169
19612;7579530410;Cra 40 #188-175
19613;6126326585;Cra 77 #184-186
19614;4366522938;Cra 105 #30-109
19615;2309983182;Cra 167 #100-81
19616;9869514862;Cra 73 #55-42
19617;6097894563;Cra 132 #48-91
19618;1515529337;Cra 93 #14-180
19619;2878495475;Cra 112 #67-184
19620;7839597682;Cra 89 #17-20
19621;5481761679;Cra 50 #33-124
19622;3118166625;Cra 63 #61-6
19623;2347648690;Cra 79 #198-115
19624;6516724886;Cra 190 #28-133
19625;3912593197;Cra 119 #48-105
19626;1904015221;Cra 13 #169-145
19627;8149932057;Cra 47 #195-15
19628;6885437650;Cra 140 #59-15
19629;8600520494;Cra 12 #193-98
19630;8538352571;Cra 96 #52-41
19631;7132042327;Cra 42 #121-4
19632;4374604638;Cra 171 #60-198
19633;4755183605;Cra 118 #51-91
19634;3358206500;Cra 107 #66-73
19635;9541457468;Cra 72 #4-56
19636;4202145290;Cra 32 #7-154
19637;8898255088;Cra 185 #84-97
19638;6235234781;Cra 142 #130-57
19639;3811736776;Cra 164 #182-5
19640;5605435366;Cra 92 #28-159
19641;2414356856;Cra 59 #97-148
19642;9416884323;Cra 79 #105-39
19643;4537912124;Cra 77 #72-6
19644;2469528777;Cra 162 #89-121
19645;1994361036;Cra 24 #76-124
19646;3797872579;Cra 125 #39-7
19647;6035914486;Cra 27 #176-152
19648;8122037544;Cra 114 #188-140
19649;1908398705;Cra 181 #40-170
19650;2801626834;Cra 200 #62-18
19651;9080637370;Cra 77 #134-116
19652;3599428844;Cra 75 #52-82
19653;2018120281;Cra 72 #99-163
19654;9070942885;Cra 200 #59-154
19655;1193715773;Cra 79 #162-42
19656;9806492312;Cra 133 #188-55
19657;4364591291;Cra 104 #103-91
19658;1744504911;Cra 171 #58-173
19659;1113273274;Cra 71 #53-52
19660;9074407800;Cra 95 #10-78
19661;3606941684;Cra 35 #58-196
19662;2566337059;Cra 127 #126-72
19663;6240219565;Cra 99 #171-94
19664;4882603232;Cra 55 #1-174
19665;2841575564;Cra 152 #33-142
19666;5456259005;Cra 48 #152-135
19667;4340941828;Cra 172 #9-143
19668;7649458276;Cra 79 #188-172
19669;9555995767;Cra 34 #42-154
19670;2118432890;Cra 36 #166-67
19671;7081253663;Cra 117 #171-42
19672;3664122160;Cra 170 #67-109
19673;6676352340;Cra 121 #147-79
19674;1149003758;Cra 168 #193-14
19675;7923406435;Cra 108 #196-8
19676;4848907296;Cra 177 #5-158
19677;2947534634;Cra 158 #81-6
19678;8008672786;Cra 120 #161-67
19679;6030197697;Cra 122 #12-110
19680;8936519146;Cra 50 #13-20
19681;5981172873;Cra 155 #175-38
19682;2641541548;Cra 56 #56-99
19683;5960874241;Cra 28 #111-147
19684;9909142153;Cra 50 #128-185
19685;9014119307;Cra 120 #53-125
19686;4619785236;Cra 7 #94-150
19687;5809420214;Cra 31 #158-17
19688;6976979200;Cra 186 #72-180
19689;8014698404;Cra 121 #13-133
19690;5372416573;Cra 194 #120-51
19691;1837195070;Cra 181 #126-15
19692;2553612609;Cra 71 #191-99
19693;1740083923;Cra 184 #184-87
19694;3657596538;Cra 170 #21-87
19695;2595053670;Cra 136 #104-143
19696;3313858289;Cra 18 #130-53
19697;2920460175;Cra 183 #11-126
19698;6609402306;Cra 96 #139-129
19699;1383175137;Cra 197 #126-119
19700;6802929304;Cra 88 #87-130
19701;4458528389;Cra 153 #149-96
19702;3756232532;Cra 151 #165-146
19703;3123892559;Cra 133 #54-184
19704;5964892066;Cra 6 #153-9
19705;5170629754;Cra 14 #65-9
19706;7599841377;Cra 169 #30-161
19707;2292970183;Cra 173 #64-197
19708;7455321877;Cra 47 #134-154
19709;1807006307;Cra 51 #42-134
19710;2772639956;Cra 68 #130-6
19711;6439485663;Cra 76 #83-72
19712;8955207968;Cra 42 #183-39
19713;1102612104;Cra 157 #82-136
19714;9623952331;Cra 56 #48-145
19715;8686691548;Cra 142 #70-87
19716;7702320919;Cra 161 #166-88
19717;1698991180;Cra 75 #41-33
19718;1064009659;Cra 146 #9-25
19719;8831694531;Cra 73 #178-94
19720;6797119676;Cra 8 #103-38
19721;3472036045;Cra 179 #191-113
19722;7952558524;Cra 132 #160-25
19723;2153604638;Cra 172 #58-165
19724;9348306595;Cra 177 #87-71
19725;1935949872;Cra 115 #34-24
19726;5887241303;Cra 123 #10-126
19727;1923958035;Cra 132 #88-85
19728;5307198522;Cra 112 #16-135
19729;8021361502;Cra 171 #65-41
19730;2384401231;Cra 119 #112-156
19731;7387127206;Cra 8 #121-66
19732;1561397496;Cra 53 #109-75
19733;9625867447;Cra 54 #137-170
19734;5434536357;Cra 36 #34-6
19735;4785197110;Cra 119 #47-81
19736;9630413327;Cra 99 #142-156
19737;2864090118;Cra 126 #64-104
19738;9567737323;Cra 188 #88-143
19739;1688197489;Cra 76 #192-72
19740;9308634697;Cra 63 #103-106
19741;3199744649;Cra 95 #150-13
19742;5589446062;Cra 89 #165-74
19743;8744168186;Cra 60 #158-118
19744;9057186835;Cra 78 #23-5
19745;2413233924;Cra 51 #82-7
19746;4333118143;Cra 174 #33-101
19747;3878977263;Cra 130 #105-1
19748;9047012962;Cra 113 #102-26
19749;3417025662;Cra 47 #157-82
19750;8317336856;Cra 2 #64-85
19751;5936200003;Cra 118 #23-151
19752;4165296478;Cra 177 #96-148
19753;7829621278;Cra 94 #51-106
19754;9596179040;Cra 91 #148-60
19755;2339323167;Cra 159 #5-193
19756;3953840725;Cra 88 #126-142
19757;6515792859;Cra 177 #196-162
19758;3832978544;Cra 87 #184-77
19759;3589996140;Cra 78 #65-74
19760;3315952531;Cra 144 #63-52
19761;9650909019;Cra 118 #73-151
19762;3222011439;Cra 175 #13-32
19763;5112971406;Cra 155 #67-88
19764;1027407909;Cra 80 #100-56
19765;3715474073;Cra 48 #9-75
19766;3184600942;Cra 129 #110-34
19767;8832068934;Cra 193 #128-122
19768;3748605067;Cra 135 #98-200
19769;4621829485;Cra 66 #84-64
19770;9491844735;Cra 109 #35-162
19771;4914309052;Cra 135 #166-152
19772;9597522238;Cra 74 #29-128
19773;1045784141;Cra 166 #23-25
19774;8811183792;Cra 145 #138-188
19775;4602271924;Cra 162 #161-77
19776;8722934675;Cra 11 #15-99
19777;9495214540;Cra 188 #113-162
19778;4652640865;Cra 191 #184-186
19779;9578421660;Cra 159 #162-33
19780;3043851105;Cra 106 #94-37
19781;5077520182;Cra 154 #142-38
19782;2158433253;Cra 61 #128-2
19783;3837295608;Cra 44 #175-132
19784;9889209820;Cra 192 #156-179
19785;1042815111;Cra 15 #87-71
19786;7861062360;Cra 147 #23-42
19787;7473526608;Cra 161 #174-160
19788;8290550258;Cra 41 #181-54
19789;2744534156;Cra 200 #14-72
19790;7188110557;Cra 124 #159-4
19791;8622358090;Cra 86 #44-186
19792;7144071561;Cra 150 #199-182
19793;1744745935;Cra 1 #17-152
19794;3402242128;Cra 155 #121-85
19795;8515392370;Cra 104 #165-92
19796;5909745721;Cra 88 #168-121
19797;5914013934;Cra 184 #125-185
19798;1887240574;Cra 74 #183-196
19799;3886065411;Cra 17 #133-3
19800;9145174835;Cra 62 #121-98
19801;8363062153;Cra 197 #11-116
19802;5432146254;Cra 26 #168-63
19803;1318999225;Cra 123 #188-101
19804;6460438276;Cra 149 #160-66
19805;4432980070;Cra 121 #91-157
19806;9924354639;Cra 167 #94-156
19807;8640324239;Cra 23 #111-28
19808;1297020427;Cra 89 #128-186
19809;2695697359;Cra 8 #155-161
19810;9007445508;Cra 19 #119-66
19811;7949241004;Cra 132 #56-125
19812;1557428995;Cra 154 #178-105
19813;6716586086;Cra 28 #68-49
19814;6235012625;Cra 87 #170-134
19815;7065958258;Cra 64 #153-68
19816;8725751503;Cra 49 #134-83
19817;9907363758;Cra 56 #134-87
19818;2492727716;Cra 149 #180-175
19819;2495465434;Cra 152 #91-162
19820;5482132873;Cra 91 #88-30
19821;1217950681;Cra 82 #31-107
19822;9012893438;Cra 110 #16-189
19823;6293571564;Cra 48 #158-15
19824;3767826455;Cra 128 #190-127
19825;4893888641;Cra 74 #101-55
19826;8729417231;Cra 116 #183-77
19827;5517489707;Cra 23 #28-7
19828;3711316766;Cra 172 #89-89
19829;7587517004;Cra 161 #168-124
19830;2611683714;Cra 18 #100-56
19831;9254028069;Cra 107 #197-58
19832;4843455285;Cra 34 #121-84
19833;2400621225;Cra 35 #37-82
19834;5232900320;Cra 91 #39-199
19835;9753425615;Cra 64 #161-152
19836;3682182925;Cra 63 #119-57
19837;2919623194;Cra 90 #199-131
19838;3487684988;Cra 30 #23-163
19839;5557876591;Cra 131 #196-112
19840;6279780005;Cra 148 #68-45
19841;4916617426;Cra 131 #97-191
19842;1522739501;Cra 10 #141-15
19843;5599170696;Cra 12 #173-57
19844;1157067326;Cra 69 #62-23
19845;7218640069;Cra 192 #96-122
19846;9422718379;Cra 43 #17-55
19847;3151394388;Cra 55 #123-145
19848;2579486121;Cra 22 #119-35
19849;5148513673;Cra 1 #160-56
19850;4815915689;Cra 70 #104-77
19851;1032741843;Cra 196 #4-34
19852;4862872931;Cra 62 #186-174
19853;5984471238;Cra 161 #152-11
19854;1963141965;Cra 37 #98-75
19855;8681515437;Cra 26 #17-28
19856;6115176544;Cra 51 #57-3
19857;1614582066;Cra 35 #87-92
19858;3910303307;Cra 119 #35-101
19859;9255523724;Cra 145 #140-154
19860;1699689002;Cra 122 #11-59
19861;2778468813;Cra 106 #127-115
19862;4614317439;Cra 145 #12-152
19863;2257265937;Cra 169 #39-1
19864;1257050224;Cra 133 #167-155
19865;8775598618;Cra 192 #125-34
19866;6568330890;Cra 5 #149-189
19867;6814840440;Cra 194 #186-148
19868;1266103563;Cra 29 #171-68
19869;3290184274;Cra 25 #198-199
19870;9424868036;Cra 45 #106-83
19871;1616513543;Cra 30 #12-26
19872;5094180882;Cra 113 #170-85
19873;8222711827;Cra 19 #196-171
19874;8929813398;Cra 7 #173-77
19875;3838146714;Cra 10 #105-47
19876;1586916486;Cra 81 #133-81
19877;8923382077;Cra 151 #171-174
19878;2923025860;Cra 29 #197-102
19879;3847703228;Cra 62 #93-65
19880;1612586557;Cra 2 #188-60
19881;7496410391;Cra 157 #130-172
19882;3162970284;Cra 180 #1-12
19883;1846882661;Cra 161 #74-140
19884;6442084104;Cra 63 #195-120
19885;6866195169;Cra 23 #1-108
19886;7611092367;Cra 91 #16-35
19887;2616695525;Cra 91 #189-82
19888;6092998032;Cra 40 #11-101
19889;9079734747;Cra 38 #32-83
19890;2794762191;Cra 69 #177-127
19891;5064400319;Cra 91 #85-129
19892;8994818377;Cra 165 #135-47
19893;3706509569;Cra 192 #129-16
19894;2258419589;Cra 79 #108-36
19895;7978786279;Cra 66 #8-122
19896;7690800115;Cra 168 #8-95
19897;1562280429;Cra 43 #114-164
19898;5448858737;Cra 178 #181-99
19899;9516214440;Cra 192 #198-191
19900;2279828907;Cra 61 #35-113
19901;9059222566;Cra 52 #130-9
19902;8019730779;Cra 195 #144-17
19903;8773596170;Cra 153 #43-174
19904;9466264210;Cra 144 #128-3
19905;8331419678;Cra 109 #50-156
19906;1971214963;Cra 130 #108-162
19907;2954376945;Cra 142 #160-151
19908;7242445572;Cra 6 #37-148
19909;6845757834;Cra 150 #116-172
19910;6939306424;Cra 148 #19-163
19911;1194466754;Cra 5 #188-163
19912;3539951853;Cra 50 #73-5
19913;6587128489;Cra 85 #7-14
19914;7021936208;Cra 130 #140-16
19915;2076939577;Cra 72 #41-123
19916;4486184389;Cra 180 #68-24
19917;9785580411;Cra 134 #2-93
19918;7973286906;Cra 117 #192-168
19919;6714797852;Cra 20 #63-89
19920;2281857685;Cra 173 #95-102
19921;6760370245;Cra 118 #11-81
19922;8684213174;Cra 180 #45-34
19923;3071533739;Cra 133 #107-195
19924;1022900211;Cra 40 #20-5
19925;1114203494;Cra 138 #145-113
19926;5738623593;Cra 25 #109-68
19927;3051577739;Cra 40 #89-131
19928;8777465796;Cra 84 #144-158
19929;8315135030;Cra 5 #160-188
19930;1135220782;Cra 184 #180-18
19931;5228165954;Cra 65 #109-92
19932;7651761420;Cra 21 #158-101
19933;9877072789;Cra 105 #53-200
19934;8818340493;Cra 109 #131-62
19935;5348084288;Cra 192 #178-155
19936;8308154812;Cra 196 #160-24
19937;1601337318;Cra 149 #26-141
19938;9878190195;Cra 105 #171-128
19939;7687152293;Cra 114 #149-109
19940;6642350180;Cra 9 #111-165
19941;9103134060;Cra 147 #133-76
19942;9252358627;Cra 131 #167-150
19943;8564548984;Cra 161 #41-189
19944;7152752795;Cra 187 #191-193
19945;4503661124;Cra 63 #157-139
19946;9801023063;Cra 194 #93-26
19947;4867092477;Cra 161 #179-12
19948;7646601111;Cra 54 #8-177
19949;9189192311;Cra 35 #2-26
19950;6033957183;Cra 42 #72-178
19951;6219520564;Cra 200 #178-136
19952;3910836914;Cra 52 #46-47
19953;2575207125;Cra 64 #27-66
19954;6982538786;Cra 23 #183-169
19955;2884324103;Cra 180 #27-92
19956;4467653699;Cra 95 #152-151
19957;2748215549;Cra 109 #52-145
19958;4131250660;Cra 191 #99-42
19959;7080637268;Cra 13 #94-39
19960;8544987407;Cra 151 #76-63
19961;1723224130;Cra 77 #57-140
19962;6924270084;Cra 103 #51-9
19963;4462343144;Cra 54 #170-35
19964;6468837837;Cra 43 #76-146
19965;2844964486;Cra 119 #152-168
19966;8474972963;Cra 128 #76-54
19967;4344013584;Cra 62 #132-128
19968;9655378317;Cra 78 #178-30
19969;6565141808;Cra 70 #191-191
19970;8003000244;Cra 103 #65-80
19971;9381088513;Cra 13 #143-130
19972;2577808245;Cra 191 #123-86
19973;3776254313;Cra 159 #25-59
19974;5042735242;Cra 36 #57-53
19975;6206498960;Cra 156 #160-174
19976;8523833601;Cra 193 #131-140
19977;8418705955;Cra 173 #89-184
19978;6140295393;Cra 34 #127-17
19979;8724886341;Cra 23 #185-191
19980;2814853150;Cra 166 #152-93
19981;2424820794;Cra 1 #14-3
19982;4096226670;Cra 143 #195-161
19983;3562959317;Cra 9 #184-63
19984;5813342479;Cra 156 #54-118
19985;6809133291;Cra 21 #120-23
19986;9422446318;Cra 15 #153-146
19987;9372599023;Cra 61 #73-149
19988;9755677745;Cra 60 #174-166
19989;7995255208;Cra 17 #58-99
19990;1203643240;Cra 47 #200-192
19991;8850956854;Cra 148 #46-73
19992;8123529470;Cra 75 #54-137
19993;8572520221;Cra 51 #2-9
19994;7991116248;Cra 147 #19-163
19995;8457328508;Cra 100 #129-11
19996;6830364200;Cra 54 #182-53
19997;2672345558;Cra 69 #24-104
19998;6702654982;Cra 138 #40-85
19999;3218816908;Cra 122 #193-25
20000;4285101762;Cra 127 #175-158
20001;9689284726;Cra 113 #31-172
20002;9791971016;Cra 170 #76-56
20003;8585106405;Cra 12 #150-106
20004;2559377531;Cra 116 #104-58
20005;7624669039;Cra 82 #123-54
20006;3136810321;Cra 156 #114-22
20007;6729865407;Cra 37 #8-162
20008;4943328541;Cra 94 #54-136
20009;1962473441;Cra 145 #20-67
20010;1128691309;Cra 93 #164-142
20011;1302122219;Cra 170 #136-140
20012;9539616291;Cra 193 #73-157
20013;1260424484;Cra 50 #122-28
20014;4023228330;Cra 166 #48-52
20015;1072336446;Cra 126 #122-42
20016;1594425550;Cra 45 #3-32
20017;4804184455;Cra 193 #178-93
20018;8163742594;Cra 12 #14-127
20019;2034311197;Cra 132 #110-48
20020;2383299652;Cra 12 #90-78
20021;1367481670;Cra 200 #127-140
20022;4822023369;Cra 100 #28-106
20023;9698055717;Cra 108 #13-197
20024;1472095791;Cra 1 #165-158
20025;7305216764;Cra 20 #87-136
20026;5404634164;Cra 150 #188-36
20027;9957579997;Cra 135 #16-59
20028;7235694278;Cra 50 #189-147
20029;5718944051;Cra 12 #47-88
20030;2008068993;Cra 2 #182-70
20031;7045679089;Cra 112 #165-60
20032;2399068053;Cra 61 #170-84
20033;5458645724;Cra 177 #95-53
20034;7197416932;Cra 124 #160-185
20035;1078094671;Cra 20 #23-47
20036;8133050460;Cra 149 #28-39
20037;3923674330;Cra 191 #160-68
20038;7948465331;Cra 59 #35-88
20039;6264230054;Cra 180 #95-58
20040;3438342607;Cra 33 #187-175
20041;1651376998;Cra 17 #177-132
20042;4945406469;Cra 134 #12-29
20043;4042837724;Cra 113 #8-38
20044;4489201491;Cra 96 #17-18
20045;6329543213;Cra 178 #109-70
20046;2389517464;Cra 36 #64-22
20047;9872916976;Cra 138 #180-93
20048;9639188538;Cra 137 #27-56
20049;4237200993;Cra 163 #103-191
20050;1017617912;Cra 156 #68-42
20051;9093499340;Cra 58 #189-59
20052;6044472835;Cra 85 #11-39
20053;7587943637;Cra 178 #134-127
20054;2329464456;Cra 99 #89-2
20055;4638306428;Cra 175 #159-88
20056;6093327088;Cra 149 #179-15
20057;4877509956;Cra 45 #84-74
20058;9578299591;Cra 32 #23-28
20059;3071176013;Cra 104 #7-191
20060;8908384121;Cra 12 #46-153
20061;8838613132;Cra 167 #45-95
20062;5463867237;Cra 44 #55-164
20063;2863383342;Cra 123 #27-41
20064;7898033236;Cra 31 #124-88
20065;6738430103;Cra 119 #49-28
20066;8028357721;Cra 33 #7-192
20067;4255057455;Cra 192 #107-105
20068;6742937580;Cra 115 #65-24
20069;2230212324;Cra 15 #82-67
20070;1108228824;Cra 77 #94-103
20071;8387449603;Cra 103 #81-182
20072;5897955097;Cra 145 #38-93
20073;4156383230;Cra 108 #189-53
20074;9084369460;Cra 42 #46-55
20075;1090736194;Cra 117 #82-58
20076;3990310630;Cra 106 #124-178
20077;2225089821;Cra 138 #1-74
20078;4548068240;Cra 154 #32-37
20079;8317675930;Cra 99 #89-124
20080;1401820332;Cra 93 #43-170
20081;7627450362;Cra 175 #9-82
20082;9468565849;Cra 53 #116-30
20083;6808571864;Cra 115 #119-116
20084;6306437227;Cra 114 #64-18
20085;6271535669;Cra 10 #111-91
20086;1896884498;Cra 115 #49-4
20087;8055792314;Cra 147 #157-190
20088;3411645146;Cra 143 #32-182
20089;6210540295;Cra 64 #95-55
20090;8055165571;Cra 107 #66-57
20091;6769835666;Cra 52 #173-109
20092;2843537209;Cra 111 #156-89
20093;4781882048;Cra 8 #192-42
20094;9683043882;Cra 63 #172-55
20095;1467878053;Cra 11 #160-178
20096;9633912829;Cra 141 #19-35
20097;9133607632;Cra 75 #138-159
20098;8178765180;Cra 22 #79-101
20099;5763086202;Cra 119 #35-93
20100;4176924764;Cra 12 #161-84
20101;7772438135;Cra 58 #166-47
20102;7331081461;Cra 156 #134-111
20103;3331323591;Cra 117 #115-17
20104;4952416971;Cra 76 #73-3
20105;1109242725;Cra 116 #162-32
20106;3804886199;Cra 139 #155-181
20107;4006860168;Cra 75 #143-76
20108;9784302379;Cra 26 #78-19
20109;4659234187;Cra 132 #25-95
20110;7874184777;Cra 55 #19-52
20111;4171294467;Cra 40 #26-16
20112;9313617400;Cra 166 #173-86
20113;3377846816;Cra 95 #15-67
20114;6110460614;Cra 83 #101-88
20115;3869492275;Cra 167 #60-154
20116;7447427634;Cra 200 #107-103
20117;3448503915;Cra 50 #169-196
20118;7568177679;Cra 110 #42-25
20119;6484016853;Cra 174 #90-182
20120;3579036534;Cra 187 #57-196
20121;5675074542;Cra 152 #38-123
20122;4255507622;Cra 81 #167-107
20123;1033127254;Cra 31 #77-148
20124;5098381899;Cra 186 #197-55
20125;4126398038;Cra 198 #23-111
20126;3235212554;Cra 67 #113-133
20127;8925720357;Cra 82 #13-31
20128;8379668515;Cra 105 #185-34
20129;4390195016;Cra 13 #184-113
20130;4883453231;Cra 176 #194-140
20131;2143926451;Cra 174 #54-74
20132;7084687341;Cra 165 #116-167
20133;9339936387;Cra 29 #79-92
20134;6101414770;Cra 135 #176-173
20135;7196879445;Cra 197 #93-150
20136;3789156889;Cra 52 #123-109
20137;2146695236;Cra 69 #122-161
20138;6736421783;Cra 98 #166-164
20139;7038304596;Cra 106 #69-34
20140;8975099704;Cra 154 #79-168
20141;8520625540;Cra 15 #158-46
20142;3049145895;Cra 193 #46-160
20143;3983040417;Cra 159 #114-66
20144;4711494271;Cra 105 #192-132
20145;4966246625;Cra 125 #159-28
20146;7654711856;Cra 144 #16-105
20147;2873317175;Cra 54 #81-15
20148;4031954546;Cra 129 #190-106
20149;9416502250;Cra 118 #35-58
20150;5612077812;Cra 47 #3-178
20151;9414776908;Cra 143 #96-106
20152;1070299764;Cra 133 #31-43
20153;6571919344;Cra 49 #150-5
20154;9252005221;Cra 41 #137-60
20155;2839904370;Cra 107 #153-51
20156;7149451450;Cra 140 #152-113
20157;8703576732;Cra 29 #59-104
20158;2946453621;Cra 116 #95-19
20159;3304831485;Cra 144 #51-7
20160;9631091590;Cra 144 #177-141
20161;2694045908;Cra 82 #7-193
20162;6921954833;Cra 36 #149-110
20163;3245899996;Cra 150 #44-198
20164;1632819942;Cra 123 #27-44
20165;1416924477;Cra 184 #163-116
20166;4304047780;Cra 192 #148-3
20167;2446668960;Cra 126 #18-83
20168;9499643157;Cra 75 #89-168
20169;7570348733;Cra 189 #106-122
20170;1694417086;Cra 121 #32-125
20171;2900973663;Cra 119 #78-120
20172;6524310974;Cra 122 #88-21
20173;5358849844;Cra 83 #110-154
20174;8875940855;Cra 53 #12-123
20175;2266915265;Cra 71 #96-178
20176;2975557279;Cra 44 #1-96
20177;8318363814;Cra 146 #113-76
20178;7014811502;Cra 154 #195-155
20179;2762895301;Cra 90 #27-139
20180;4745841308;Cra 165 #184-116
20181;7912465082;Cra 145 #1-93
20182;5973406023;Cra 140 #38-101
20183;3910512821;Cra 39 #15-95
20184;8219622726;Cra 81 #132-145
20185;3019171763;Cra 72 #131-10
20186;9875194570;Cra 115 #105-73
20187;1344242869;Cra 198 #117-15
20188;4271487574;Cra 92 #161-98
20189;6742659913;Cra 44 #127-111
20190;8446355466;Cra 106 #151-29
20191;1759651091;Cra 200 #181-120
20192;7926369183;Cra 175 #85-15
20193;6222372411;Cra 143 #67-134
20194;3090305462;Cra 148 #115-141
20195;7391298905;Cra 119 #85-107
20196;4759494446;Cra 22 #60-51
20197;5130123337;Cra 22 #111-119
20198;4462979993;Cra 1 #38-39
20199;5343018737;Cra 145 #153-139
20200;6610676102;Cra 44 #73-13
20201;5597266060;Cra 93 #119-55
20202;5712389419;Cra 169 #46-117
20203;9862051561;Cra 110 #178-135
20204;2272787129;Cra 53 #71-80
20205;3276583363;Cra 73 #139-90
20206;8545876429;Cra 6 #58-164
20207;2757960277;Cra 141 #159-32
20208;8870347890;Cra 121 #67-43
20209;4198680147;Cra 167 #160-135
20210;4799079567;Cra 48 #116-75
20211;8208591924;Cra 190 #121-36
20212;3674663239;Cra 168 #118-163
20213;5046165865;Cra 31 #46-60
20214;4495095072;Cra 1 #109-183
20215;6452270204;Cra 9 #54-49
20216;5604785827;Cra 76 #72-17
20217;5182355187;Cra 193 #187-105
20218;8812470833;Cra 59 #92-169
20219;2249695762;Cra 156 #192-181
20220;8866864724;Cra 103 #110-72
20221;9215707930;Cra 11 #104-101
20222;7166529259;Cra 93 #36-181
20223;5174287261;Cra 107 #82-87
20224;8835427632;Cra 21 #142-195
20225;8359589905;Cra 88 #122-86
20226;6608724797;Cra 77 #69-159
20227;2667748152;Cra 40 #20-192
20228;3527444758;Cra 95 #125-16
20229;4988856090;Cra 141 #196-46
20230;5617761354;Cra 122 #22-56
20231;3096110228;Cra 149 #83-33
20232;7652523535;Cra 117 #175-141
20233;1457113760;Cra 19 #130-141
20234;5367290906;Cra 189 #52-7
20235;7734776989;Cra 121 #33-63
20236;5423381011;Cra 152 #78-12
20237;6665307876;Cra 155 #62-189
20238;9242243039;Cra 97 #58-169
20239;6191106123;Cra 58 #83-143
20240;5532426498;Cra 5 #83-108
20241;6287946848;Cra 9 #112-16
20242;1504282328;Cra 176 #160-29
20243;7939887214;Cra 26 #131-137
20244;7241309225;Cra 83 #49-101
20245;5361029404;Cra 195 #18-164
20246;5854833203;Cra 147 #58-93
20247;8549140311;Cra 182 #119-168
20248;2082553168;Cra 27 #42-90
20249;5183621931;Cra 4 #192-81
20250;4864119428;Cra 88 #18-58
20251;6655660143;Cra 152 #10-170
20252;9797264033;Cra 168 #96-17
20253;5228602928;Cra 198 #7-128
20254;7362713810;Cra 190 #157-6
20255;6938698525;Cra 47 #193-145
20256;1467095535;Cra 186 #131-76
20257;4469451826;Cra 60 #46-126
20258;5095280377;Cra 156 #123-73
20259;2952255142;Cra 136 #163-91
20260;4087987909;Cra 96 #22-99
20261;8500824194;Cra 157 #142-133
20262;4107353971;Cra 85 #101-15
20263;4525209678;Cra 7 #152-185
20264;7094343278;Cra 51 #11-175
20265;1972681583;Cra 35 #174-163
20266;4710366296;Cra 21 #143-106
20267;1598695651;Cra 51 #21-29
20268;4747830457;Cra 6 #1-194
20269;5608542680;Cra 139 #155-175
20270;3777961591;Cra 106 #72-50
20271;3155537787;Cra 8 #31-158
20272;6655538027;Cra 64 #97-155
20273;4512186744;Cra 79 #132-89
20274;9642537112;Cra 17 #165-48
20275;1254165089;Cra 10 #105-143
20276;5335862255;Cra 194 #96-97
20277;6687018512;Cra 84 #62-25
20278;7829184549;Cra 118 #35-21
20279;6742603960;Cra 165 #69-79
20280;8850371591;Cra 18 #149-117
20281;2069457047;Cra 182 #62-123
20282;5621920675;Cra 122 #119-116
20283;7182733218;Cra 95 #196-70
20284;2224478359;Cra 185 #126-133
20285;1288059189;Cra 95 #4-1
20286;6086967988;Cra 68 #36-67
20287;4449870680;Cra 140 #93-164
20288;9121228354;Cra 129 #16-99
20289;3654296854;Cra 170 #33-42
20290;3346411489;Cra 192 #66-42
20291;1250280200;Cra 29 #177-12
20292;5919866481;Cra 100 #187-123
20293;5337061709;Cra 182 #161-104
20294;7188501272;Cra 61 #60-33
20295;4276720407;Cra 197 #174-103
20296;4840643359;Cra 105 #151-153
20297;3497665477;Cra 173 #185-65
20298;9551196249;Cra 123 #173-63
20299;5383049186;Cra 51 #188-123
20300;4426593440;Cra 24 #144-94
20301;2637942079;Cra 199 #63-198
20302;7603045813;Cra 169 #80-125
20303;3052541412;Cra 166 #139-116
20304;3060256028;Cra 132 #80-177
20305;4257007844;Cra 189 #57-47
20306;4606867027;Cra 78 #123-101
20307;5969142058;Cra 179 #136-59
20308;1715502965;Cra 84 #181-85
20309;4654633245;Cra 85 #26-181
20310;1835827476;Cra 40 #93-154
20311;3883336293;Cra 173 #147-8
20312;2437395397;Cra 111 #31-1
20313;5993052493;Cra 119 #191-61
20314;9160715751;Cra 48 #158-200
20315;6223673321;Cra 38 #53-28
20316;3422833663;Cra 156 #181-97
20317;7450571188;Cra 111 #120-181
20318;4128851275;Cra 71 #132-44
20319;4614845548;Cra 66 #103-110
20320;7409721980;Cra 62 #182-163
20321;1944179538;Cra 129 #2-145
20322;8470216333;Cra 158 #184-81
20323;7565000706;Cra 199 #16-42
20324;5846908886;Cra 38 #28-21
20325;4247064085;Cra 78 #151-132
20326;9246108552;Cra 175 #94-92
20327;8912969026;Cra 129 #139-147
20328;5522874827;Cra 162 #45-145
20329;6269434584;Cra 34 #41-22
20330;4544992166;Cra 192 #52-49
20331;2230640245;Cra 165 #196-12
20332;6293149256;Cra 59 #139-104
20333;9129066746;Cra 134 #180-7
20334;4913236400;Cra 91 #177-199
20335;1619548589;Cra 21 #179-18
20336;5705108834;Cra 34 #12-47
20337;3961328374;Cra 118 #162-29
20338;9219800165;Cra 140 #162-129
20339;9561310974;Cra 48 #16-130
20340;7769862131;Cra 149 #177-46
20341;1843540897;Cra 15 #106-51
20342;1123112765;Cra 62 #25-61
20343;2043072739;Cra 162 #169-179
20344;1891193199;Cra 11 #134-131
20345;1641140750;Cra 6 #128-56
20346;2434626126;Cra 200 #77-185
20347;7943738375;Cra 29 #183-133
20348;9202098715;Cra 55 #68-21
20349;8383612704;Cra 119 #55-19
20350;7454475210;Cra 104 #198-142
20351;1049458228;Cra 14 #78-13
20352;3538269722;Cra 198 #184-200
20353;7043826618;Cra 184 #175-115
20354;7018033716;Cra 175 #113-58
20355;6520238049;Cra 186 #2-192
20356;5336520890;Cra 127 #181-55
20357;3903555084;Cra 183 #26-100
20358;6082687354;Cra 194 #10-149
20359;2264404447;Cra 136 #168-176
20360;3974880341;Cra 47 #126-107
20361;8550305506;Cra 39 #53-64
20362;7913584526;Cra 43 #37-89
20363;9795647425;Cra 149 #122-200
20364;9280368144;Cra 28 #129-131
20365;6273300667;Cra 170 #103-17
20366;5831252673;Cra 128 #146-102
20367;5011532814;Cra 90 #133-93
20368;2914350210;Cra 22 #124-150
20369;2492369342;Cra 38 #157-163
20370;4912590426;Cra 189 #91-144
20371;4119434921;Cra 77 #159-53
20372;9149395729;Cra 63 #131-169
20373;6946278361;Cra 83 #61-102
20374;2006741617;Cra 143 #37-72
20375;1458356025;Cra 23 #36-162
20376;4969278488;Cra 132 #107-94
20377;3915371154;Cra 48 #62-119
20378;4964780527;Cra 2 #52-158
20379;3345567690;Cra 83 #120-198
20380;9493111756;Cra 143 #160-106
20381;2424556974;Cra 35 #55-25
20382;1171005649;Cra 34 #115-91
20383;9620701544;Cra 169 #169-92
20384;4067345154;Cra 175 #107-104
20385;7034677646;Cra 130 #74-4
20386;4293870227;Cra 86 #162-129
20387;8444406310;Cra 51 #42-139
20388;8487409948;Cra 94 #44-162
20389;3597742535;Cra 60 #5-128
20390;6648837448;Cra 44 #3-64
20391;3523386265;Cra 179 #95-100
20392;6941179587;Cra 168 #170-135
20393;2398846089;Cra 132 #155-104
20394;3138163047;Cra 36 #130-181
20395;1928710685;Cra 25 #98-193
20396;9731987363;Cra 7 #94-15
20397;9772747646;Cra 152 #173-44
20398;2910236091;Cra 96 #23-123
20399;7513445787;Cra 140 #72-72
20400;5861008162;Cra 105 #1-166
20401;5452539205;Cra 2 #77-153
20402;6799482913;Cra 76 #195-141
20403;4733534214;Cra 34 #1-112
20404;9323009743;Cra 149 #127-71
20405;5200668523;Cra 127 #75-100
20406;5897672730;Cra 75 #153-192
20407;5543071061;Cra 144 #123-128
20408;3919886379;Cra 193 #157-111
20409;8415799090;Cra 72 #89-69
20410;5733695677;Cra 13 #23-195
20411;2045385809;Cra 11 #174-111
20412;6208251503;Cra 180 #25-49
20413;3907972729;Cra 188 #56-145
20414;8178430088;Cra 74 #44-75
20415;4865737791;Cra 72 #100-137
20416;5389019170;Cra 191 #4-68
20417;1811389648;Cra 163 #9-127
20418;5986169931;Cra 176 #97-122
20419;3985299907;Cra 26 #126-64
20420;3650075438;Cra 104 #158-61
20421;1876187772;Cra 195 #168-65
20422;5163761187;Cra 124 #144-101
20423;4545304571;Cra 119 #124-185
20424;2853119910;Cra 177 #4-123
20425;1325044862;Cra 183 #140-97
20426;5784714083;Cra 3 #18-134
20427;1106956929;Cra 91 #107-31
20428;6892650363;Cra 15 #152-135
20429;8965070287;Cra 114 #138-116
20430;4015260266;Cra 74 #88-124
20431;1406087341;Cra 143 #43-32
20432;2842315141;Cra 54 #134-6
20433;8896327442;Cra 93 #153-184
20434;7477837127;Cra 178 #32-12
20435;8195174157;Cra 52 #140-50
20436;3954423755;Cra 135 #111-91
20437;9118401611;Cra 128 #41-113
20438;7334620787;Cra 137 #28-178
20439;1460037716;Cra 30 #139-152
20440;9920814588;Cra 147 #12-91
20441;2308263352;Cra 184 #105-56
20442;7137910605;Cra 188 #42-132
20443;4603160673;Cra 17 #128-114
20444;8416971667;Cra 21 #28-197
20445;9654278825;Cra 24 #19-55
20446;9661392019;Cra 135 #4-190
20447;9544474068;Cra 138 #91-78
20448;3936373723;Cra 177 #147-76
20449;3602967440;Cra 167 #157-144
20450;2107093969;Cra 51 #148-11
20451;4157914838;Cra 40 #114-43
20452;3188867076;Cra 63 #115-47
20453;1462290283;Cra 190 #40-127
20454;7742196766;Cra 124 #5-31
20455;1081467632;Cra 136 #30-34
20456;7277423268;Cra 44 #118-192
20457;9238901480;Cra 35 #175-64
20458;1190274954;Cra 168 #113-90
20459;1720805787;Cra 13 #78-28
20460;1197754936;Cra 5 #75-153
20461;3500053984;Cra 25 #31-125
20462;3219616521;Cra 65 #128-159
20463;5791219999;Cra 184 #148-163
20464;1664242984;Cra 152 #71-156
20465;6441646790;Cra 53 #91-160
20466;5409889005;Cra 189 #129-37
20467;9933930603;Cra 150 #161-108
20468;1875194555;Cra 134 #46-200
20469;4570524003;Cra 76 #145-142
20470;9461724187;Cra 107 #137-103
20471;2861453406;Cra 40 #57-95
20472;9795504301;Cra 160 #113-62
20473;8076481843;Cra 91 #168-86
20474;7482316238;Cra 95 #194-180
20475;4467832142;Cra 140 #170-153
20476;9399347717;Cra 147 #89-5
20477;9802503350;Cra 78 #115-103
20478;1923165418;Cra 178 #54-122
20479;9116526893;Cra 56 #170-125
20480;6084903542;Cra 152 #125-91
20481;5449882360;Cra 74 #93-15
20482;7149458733;Cra 199 #173-27
20483;3621375472;Cra 59 #125-186
20484;3954476780;Cra 110 #144-26
20485;3391693590;Cra 185 #197-59
20486;8811217801;Cra 107 #86-67
20487;4114989141;Cra 167 #117-6
20488;1334286515;Cra 77 #158-102
20489;3970391862;Cra 138 #17-174
20490;9047729429;Cra 200 #51-172
20491;4387360082;Cra 185 #176-57
20492;4250492049;Cra 40 #182-16
20493;4819098048;Cra 27 #184-146
20494;8896597821;Cra 67 #67-128
20495;2514598499;Cra 118 #83-84
20496;9835972673;Cra 14 #152-138
20497;5415274413;Cra 23 #182-189
20498;2193284770;Cra 168 #121-172
20499;6839761466;Cra 171 #188-143
20500;8444880765;Cra 75 #108-168
20501;7200595480;Cra 112 #162-11
20502;1830383761;Cra 108 #98-41
20503;8429267557;Cra 52 #52-132
20504;5580888985;Cra 137 #50-94
20505;9168683418;Cra 97 #31-6
20506;4505260727;Cra 119 #22-140
20507;9432150225;Cra 192 #66-87
20508;7438706586;Cra 98 #56-164
20509;1255289134;Cra 17 #17-90
20510;2283401106;Cra 46 #56-45
20511;2554424075;Cra 113 #50-22
20512;8416534710;Cra 16 #22-137
20513;6845587104;Cra 86 #87-6
20514;9519522159;Cra 137 #146-133
20515;3026421196;Cra 187 #59-62
20516;1376792319;Cra 145 #137-90
20517;3500906801;Cra 192 #158-186
20518;1203229619;Cra 13 #166-158
20519;9966309469;Cra 55 #154-141
20520;9446251944;Cra 134 #121-83
20521;6368960364;Cra 93 #173-11
20522;8394347043;Cra 200 #154-175
20523;9522891661;Cra 100 #28-183
20524;8754085365;Cra 175 #144-46
20525;7183217722;Cra 144 #91-74
20526;7823435157;Cra 141 #31-56
20527;6360582243;Cra 15 #115-60
20528;5436920719;Cra 46 #51-157
20529;4311387409;Cra 64 #107-19
20530;8720704557;Cra 40 #113-30
20531;1659419302;Cra 143 #48-101
20532;3183435567;Cra 119 #105-174
20533;4689251971;Cra 62 #3-116
20534;8969370801;Cra 71 #126-105
20535;4739217149;Cra 99 #129-53
20536;1115914482;Cra 33 #57-31
20537;4699393216;Cra 149 #148-94
20538;2770825758;Cra 3 #50-50
20539;9113070914;Cra 92 #163-123
20540;5807517294;Cra 68 #26-104
20541;9819600480;Cra 61 #183-57
20542;1746875987;Cra 95 #114-17
20543;4630563524;Cra 155 #45-103
20544;9786920908;Cra 194 #68-76
20545;7222116356;Cra 170 #104-114
20546;2444727886;Cra 158 #123-60
20547;7518728085;Cra 14 #19-16
20548;1556809595;Cra 132 #76-1
20549;2662705417;Cra 149 #8-140
20550;3334240933;Cra 195 #168-78
20551;6386839487;Cra 35 #18-158
20552;9393008347;Cra 64 #94-137
20553;3011477338;Cra 166 #135-169
20554;6928727816;Cra 55 #173-106
20555;2082510136;Cra 8 #26-146
20556;3927526609;Cra 155 #77-166
20557;8909397007;Cra 140 #171-154
20558;9477017215;Cra 188 #186-53
20559;5333125919;Cra 168 #26-103
20560;9038836027;Cra 164 #162-143
20561;2849411358;Cra 170 #107-187
20562;3919051463;Cra 173 #74-122
20563;6180825621;Cra 164 #112-96
20564;2243595023;Cra 103 #99-94
20565;4140538427;Cra 56 #175-125
20566;6172125368;Cra 10 #52-174
20567;1942508529;Cra 134 #61-141
20568;9017403309;Cra 169 #38-120
20569;3650355293;Cra 170 #172-71
20570;4288911036;Cra 164 #111-141
20571;4804927154;Cra 126 #60-179
20572;6410871138;Cra 8 #68-45
20573;6616467756;Cra 16 #118-130
20574;3669647546;Cra 75 #92-39
20575;7602676149;Cra 189 #173-69
20576;2202895519;Cra 196 #62-41
20577;7341579482;Cra 195 #136-104
20578;1892771310;Cra 190 #197-16
20579;7228324916;Cra 191 #33-156
20580;9469227541;Cra 29 #194-11
20581;3734775663;Cra 189 #42-61
20582;8126762420;Cra 155 #98-65
20583;1352555716;Cra 113 #99-72
20584;7953451707;Cra 57 #73-198
20585;8851788348;Cra 31 #18-58
20586;9057869708;Cra 162 #146-151
20587;7410402738;Cra 25 #160-141
20588;8863714215;Cra 27 #4-33
20589;1727305983;Cra 120 #170-7
20590;5335700029;Cra 38 #176-21
20591;9454170763;Cra 69 #163-140
20592;8369436937;Cra 71 #68-126
20593;4407120909;Cra 115 #20-87
20594;3361785236;Cra 159 #182-59
20595;5968988754;Cra 99 #176-4
20596;9020514295;Cra 110 #9-125
20597;7515955998;Cra 108 #33-184
20598;8704145322;Cra 106 #1-20
20599;7591985325;Cra 79 #57-129
20600;4921900366;Cra 91 #192-2
20601;3554378316;Cra 1 #67-25
20602;8981945162;Cra 96 #66-33
20603;6151611501;Cra 172 #152-119
20604;9731861786;Cra 100 #190-73
20605;7194679075;Cra 84 #158-146
20606;7633288921;Cra 172 #99-100
20607;3388097664;Cra 177 #119-178
20608;5131736784;Cra 192 #38-95
20609;9324058359;Cra 105 #162-77
20610;5314599403;Cra 52 #35-75
20611;8920574727;Cra 38 #5-50
20612;4278997255;Cra 107 #189-20
20613;1951043840;Cra 30 #187-105
20614;1782282674;Cra 182 #148-117
20615;9468174384;Cra 117 #156-39
20616;3504778704;Cra 139 #91-160
20617;1442566941;Cra 90 #79-77
20618;7223605320;Cra 139 #109-128
20619;3058041469;Cra 9 #61-175
20620;7498648371;Cra 72 #37-89
20621;5481286104;Cra 193 #174-194
20622;2831459623;Cra 153 #153-27
20623;5938759715;Cra 126 #98-4
20624;7474417380;Cra 33 #61-197
20625;1942685459;Cra 185 #15-123
20626;2205056234;Cra 119 #15-87
20627;5901551040;Cra 183 #128-195
20628;8532930943;Cra 19 #115-159
20629;3409223742;Cra 81 #189-11
20630;8123345616;Cra 118 #65-102
20631;9333411987;Cra 83 #81-63
20632;9783789931;Cra 51 #113-10
20633;2712480451;Cra 139 #123-145
20634;3952993296;Cra 192 #126-99
20635;5364463678;Cra 78 #78-139
20636;5952830383;Cra 6 #49-70
20637;2231719418;Cra 10 #30-100
20638;2242557820;Cra 52 #125-76
20639;7359729672;Cra 35 #105-141
20640;3880442240;Cra 194 #159-131
20641;5700070812;Cra 185 #59-139
20642;4191226779;Cra 36 #125-193
20643;5461768844;Cra 104 #61-138
20644;3778459410;Cra 28 #192-12
20645;6763464326;Cra 105 #172-162
20646;9532007938;Cra 19 #139-1
20647;5663632987;Cra 147 #37-31
20648;2189319929;Cra 94 #85-70
20649;3941452826;Cra 133 #28-155
20650;4505221246;Cra 110 #88-93
20651;3322163679;Cra 24 #194-78
20652;8160884515;Cra 57 #102-88
20653;6712680159;Cra 147 #58-66
20654;8833147435;Cra 110 #166-83
20655;2126655824;Cra 27 #160-27
20656;2643641992;Cra 103 #65-33
20657;5297947608;Cra 2 #149-31
20658;6882056584;Cra 28 #58-82
20659;2399296930;Cra 91 #152-83
20660;5794691388;Cra 118 #52-98
20661;1538008616;Cra 159 #25-116
20662;7514805411;Cra 135 #156-190
20663;3760131663;Cra 186 #146-179
20664;2994151863;Cra 40 #14-62
20665;9702001234;Cra 63 #156-77
20666;8031752723;Cra 45 #135-90
20667;6362821676;Cra 75 #118-39
20668;5909867594;Cra 104 #42-45
20669;3062583188;Cra 179 #162-82
20670;7841014743;Cra 178 #121-176
20671;8880865116;Cra 108 #108-157
20672;6409094701;Cra 174 #63-128
20673;2770884890;Cra 102 #115-131
20674;5174924267;Cra 74 #70-57
20675;7334556578;Cra 191 #48-107
20676;1692280941;Cra 183 #24-21
20677;7520528906;Cra 136 #186-90
20678;9692760999;Cra 63 #149-130
20679;9181651372;Cra 51 #196-113
20680;8567762719;Cra 154 #43-109
20681;8071774748;Cra 194 #149-163
20682;5339575893;Cra 125 #157-35
20683;6784557795;Cra 186 #37-71
20684;5528806803;Cra 158 #80-52
20685;6646468177;Cra 69 #132-15
20686;8960762624;Cra 191 #186-51
20687;5948541198;Cra 81 #62-166
20688;2076779625;Cra 102 #13-102
20689;3277736015;Cra 66 #64-191
20690;4056065550;Cra 165 #27-102
20691;9067408388;Cra 68 #196-50
20692;6156155615;Cra 105 #12-126
20693;9826129372;Cra 104 #160-42
20694;8053622205;Cra 131 #100-21
20695;5415961239;Cra 124 #29-140
20696;9935256450;Cra 65 #137-10
20697;7976294218;Cra 111 #172-161
20698;8904328772;Cra 198 #131-194
20699;1439756138;Cra 8 #116-92
20700;3166429340;Cra 69 #30-48
20701;1292401553;Cra 37 #87-107
20702;6314751474;Cra 189 #155-129
20703;8422172177;Cra 8 #31-115
20704;6298430271;Cra 172 #89-145
20705;9520874054;Cra 139 #185-146
20706;7351424696;Cra 192 #131-148
20707;8997299404;Cra 3 #26-185
20708;6173815937;Cra 191 #86-116
20709;5110427288;Cra 60 #54-180
20710;3559884233;Cra 170 #10-112
20711;6830223975;Cra 56 #132-76
20712;7901681699;Cra 61 #79-39
20713;7275324050;Cra 61 #53-145
20714;1477853993;Cra 14 #173-188
20715;4375354449;Cra 8 #145-140
20716;4118031432;Cra 174 #89-24
20717;2674515117;Cra 172 #145-131
20718;3780013533;Cra 4 #69-40
20719;4469336411;Cra 188 #67-110
20720;8415776420;Cra 88 #40-70
20721;7508964285;Cra 31 #98-83
20722;7435590606;Cra 53 #193-13
20723;3098778088;Cra 150 #179-128
20724;9437198195;Cra 12 #66-90
20725;5439588904;Cra 56 #111-183
20726;7966542756;Cra 72 #55-122
20727;2012843191;Cra 186 #116-37
20728;8718998039;Cra 102 #17-114
20729;7618994581;Cra 164 #148-175
20730;8532553602;Cra 19 #157-103
20731;9323070449;Cra 50 #164-103
20732;8112804501;Cra 87 #162-56
20733;2523400789;Cra 94 #154-95
20734;3300566394;Cra 166 #143-126
20735;7358586253;Cra 171 #133-34
20736;5809301228;Cra 62 #120-156
20737;1762104243;Cra 96 #113-199
20738;7841055582;Cra 189 #104-10
20739;3487542683;Cra 179 #139-154
20740;7333095163;Cra 6 #127-173
20741;1169326218;Cra 83 #41-167
20742;5603208226;Cra 164 #102-140
20743;6536452500;Cra 193 #14-125
20744;3265550734;Cra 100 #31-109
20745;7850731556;Cra 183 #141-43
20746;6982969313;Cra 91 #142-79
20747;7835870880;Cra 110 #88-145
20748;9355778022;Cra 115 #174-14
20749;5647524994;Cra 103 #193-178
20750;5172968088;Cra 126 #102-79
20751;8559966887;Cra 86 #54-12
20752;3736576805;Cra 16 #110-16
20753;7851659396;Cra 183 #22-135
20754;3629685597;Cra 140 #156-155
20755;9315370298;Cra 32 #97-16
20756;3527083743;Cra 41 #25-53
20757;9593191064;Cra 12 #33-90
20758;8385956968;Cra 93 #77-2
20759;3120155893;Cra 130 #140-68
20760;1920455795;Cra 10 #36-152
20761;6804850629;Cra 143 #189-177
20762;3316592851;Cra 152 #66-98
20763;7104541109;Cra 159 #67-161
20764;1793832093;Cra 161 #170-14
20765;1549298750;Cra 187 #173-164
20766;8858257374;Cra 109 #196-129
20767;1985765833;Cra 140 #68-163
20768;9064598057;Cra 59 #175-188
20769;6787720806;Cra 50 #120-72
20770;3112445248;Cra 83 #42-49
20771;3083943706;Cra 173 #149-122
20772;3925647672;Cra 1 #166-43
20773;9392764584;Cra 188 #109-68
20774;6855245998;Cra 200 #135-78
20775;9301808146;Cra 155 #189-199
20776;7643794881;Cra 47 #15-34
20777;6673973443;Cra 84 #78-126
20778;4285240548;Cra 21 #14-105
20779;3447185344;Cra 191 #168-180
20780;1107252929;Cra 126 #58-174
20781;1372442658;Cra 179 #76-123
20782;1091984651;Cra 49 #40-13
20783;1311472696;Cra 18 #124-189
20784;8301775827;Cra 132 #154-132
20785;9108591321;Cra 46 #9-124
20786;7908574889;Cra 157 #159-197
20787;5604669951;Cra 125 #19-155
20788;9676051623;Cra 86 #99-114
20789;3510936843;Cra 137 #115-153
20790;8170092187;Cra 187 #129-32
20791;8329016616;Cra 119 #145-63
20792;9737153792;Cra 94 #43-162
20793;4591776817;Cra 146 #135-182
20794;5648006443;Cra 181 #12-30
20795;2167408601;Cra 46 #57-59
20796;1473530535;Cra 138 #76-176
20797;7435980215;Cra 86 #114-197
20798;9995642279;Cra 4 #45-98
20799;4097255856;Cra 37 #144-84
20800;8364097304;Cra 196 #193-48
20801;5365121783;Cra 107 #105-30
20802;6231324393;Cra 148 #95-86
20803;3405242827;Cra 197 #169-31
20804;4429367587;Cra 9 #78-45
20805;9916692314;Cra 186 #9-65
20806;6578602403;Cra 51 #186-110
20807;5137208844;Cra 86 #180-186
20808;9527924939;Cra 166 #74-76
20809;7562458035;Cra 20 #11-48
20810;9799577374;Cra 181 #8-40
20811;6816270895;Cra 16 #122-61
20812;7752901634;Cra 22 #7-198
20813;9108833985;Cra 164 #97-15
20814;8766941642;Cra 105 #18-116
20815;2436043401;Cra 128 #85-55
20816;8356093297;Cra 116 #144-48
20817;2344232369;Cra 50 #47-72
20818;2513723359;Cra 78 #147-171
20819;9162834439;Cra 45 #109-99
20820;2397585839;Cra 76 #46-20
20821;1372150331;Cra 19 #60-64
20822;3443530816;Cra 179 #91-164
20823;4361324146;Cra 114 #148-65
20824;3838793244;Cra 93 #119-174
20825;1186872890;Cra 119 #198-104
20826;9537872542;Cra 120 #85-55
20827;2844021853;Cra 4 #119-52
20828;7567694511;Cra 127 #82-180
20829;6908016395;Cra 97 #29-194
20830;7751519022;Cra 158 #104-178
20831;7888701206;Cra 42 #46-49
20832;6237933056;Cra 80 #82-179
20833;8789303783;Cra 198 #76-104
20834;4032829674;Cra 62 #181-100
20835;3708719271;Cra 180 #156-99
20836;5516948947;Cra 69 #67-27
20837;9599497289;Cra 73 #104-85
20838;6269590198;Cra 1 #10-43
20839;5446705290;Cra 135 #188-64
20840;3800432425;Cra 140 #82-162
20841;6889783267;Cra 39 #83-127
20842;9588019158;Cra 185 #83-52
20843;8783038127;Cra 133 #12-47
20844;9374798029;Cra 175 #103-179
20845;7966319448;Cra 69 #32-16
20846;6208037575;Cra 73 #145-175
20847;1333127226;Cra 105 #43-199
20848;6074990120;Cra 126 #67-9
20849;2872153757;Cra 98 #162-44
20850;5158961029;Cra 116 #115-97
20851;3199204373;Cra 55 #194-77
20852;2980038073;Cra 190 #56-12
20853;1839480203;Cra 107 #91-124
20854;8073091113;Cra 158 #198-28
20855;2140807779;Cra 115 #12-193
20856;9000776929;Cra 170 #19-149
20857;3257989864;Cra 185 #110-114
20858;1029587040;Cra 59 #56-145
20859;9784965598;Cra 141 #134-4
20860;8613320626;Cra 148 #113-162
20861;6163297595;Cra 7 #128-57
20862;2057110113;Cra 93 #70-162
20863;6549291400;Cra 36 #182-7
20864;2768528504;Cra 9 #73-24
20865;9331587717;Cra 49 #89-109
20866;5527742067;Cra 97 #60-175
20867;6472332299;Cra 167 #152-141
20868;6669261364;Cra 146 #196-176
20869;4951364896;Cra 97 #175-25
20870;5918511308;Cra 136 #6-40
20871;4245566496;Cra 147 #115-170
20872;8039734161;Cra 113 #123-125
20873;9684971564;Cra 167 #137-104
20874;9797343693;Cra 120 #192-91
20875;8990496189;Cra 117 #68-64
20876;6364391132;Cra 94 #54-166
20877;1748669196;Cra 104 #123-153
20878;8609101233;Cra 179 #122-130
20879;6033858776;Cra 186 #173-125
20880;3138603677;Cra 3 #187-37
20881;3683155596;Cra 79 #176-2
20882;4376027426;Cra 5 #180-166
20883;4521692977;Cra 111 #141-110
20884;8961581982;Cra 92 #1-70
20885;8037147604;Cra 144 #159-107
20886;6265149943;Cra 53 #121-4
20887;3031534814;Cra 170 #180-1
20888;1326885583;Cra 188 #199-185
20889;4415582102;Cra 140 #31-41
20890;3194121808;Cra 32 #178-75
20891;5608984203;Cra 63 #150-166
20892;9894509687;Cra 114 #63-93
20893;2273976793;Cra 127 #12-51
20894;2929333514;Cra 102 #123-23
20895;2351031145;Cra 30 #57-108
20896;4604679684;Cra 171 #155-76
20897;6841637688;Cra 145 #132-142
20898;4225624481;Cra 51 #92-198
20899;8564085340;Cra 83 #151-155
20900;2631029109;Cra 16 #10-14
20901;2319324659;Cra 165 #76-21
20902;2840345685;Cra 75 #123-171
20903;1790829995;Cra 25 #144-25
20904;1153909237;Cra 11 #167-140
20905;1055405174;Cra 171 #184-33
20906;7528743706;Cra 21 #182-112
20907;5039496171;Cra 121 #133-163
20908;4911980824;Cra 5 #118-137
20909;3395802166;Cra 113 #161-156
20910;8070338088;Cra 109 #191-128
20911;7603571436;Cra 72 #27-173
20912;9572717309;Cra 33 #10-77
20913;1371296214;Cra 28 #40-96
20914;7962707938;Cra 182 #56-160
20915;7635770370;Cra 37 #143-18
20916;4728194399;Cra 76 #129-82
20917;2066121234;Cra 164 #139-8
20918;4711453169;Cra 103 #111-165
20919;8545472727;Cra 149 #154-129
20920;4777131850;Cra 169 #190-95
20921;4983002585;Cra 35 #107-110
20922;3634158058;Cra 24 #126-39
20923;5121749236;Cra 80 #152-81
20924;1388054373;Cra 47 #194-68
20925;7822982686;Cra 116 #172-194
20926;6064113437;Cra 177 #111-87
20927;9394004792;Cra 146 #48-148
20928;3581343235;Cra 151 #80-18
20929;2013242517;Cra 95 #94-42
20930;7624170726;Cra 78 #182-195
20931;3892794108;Cra 152 #15-45
20932;9222709685;Cra 154 #30-8
20933;9225548954;Cra 175 #171-56
20934;7136158181;Cra 197 #181-106
20935;8807162099;Cra 27 #53-153
20936;1239859756;Cra 121 #155-71
20937;4326994233;Cra 59 #53-33
20938;3948877796;Cra 165 #129-44
20939;5337835250;Cra 147 #97-151
20940;5583039804;Cra 159 #173-4
20941;3318567961;Cra 87 #181-90
20942;5425309330;Cra 131 #136-26
20943;3140019060;Cra 190 #150-41
20944;4717259490;Cra 43 #3-41
20945;7216986808;Cra 120 #156-98
20946;7675342538;Cra 177 #117-140
20947;5703162980;Cra 17 #39-176
20948;9666618748;Cra 67 #190-93
20949;9214349794;Cra 192 #53-174
20950;4468589718;Cra 99 #174-144
20951;4506263195;Cra 84 #191-153
20952;1694967313;Cra 109 #142-67
20953;1736780892;Cra 181 #171-187
20954;2737253808;Cra 31 #92-164
20955;2377706579;Cra 24 #76-70
20956;1029557713;Cra 110 #56-36
20957;9340327239;Cra 152 #53-84
20958;1797201235;Cra 94 #178-165
20959;3224381146;Cra 173 #12-26
20960;9183575850;Cra 49 #104-198
20961;3914437406;Cra 31 #101-80
20962;5132258503;Cra 142 #105-59
20963;1918441269;Cra 197 #73-134
20964;4359324123;Cra 74 #92-33
20965;8249738655;Cra 15 #96-62
20966;2934488635;Cra 74 #162-66
20967;7541456468;Cra 99 #179-95
20968;5576889788;Cra 135 #166-66
20969;5245937619;Cra 145 #151-93
20970;6176302110;Cra 47 #74-178
20971;1752701330;Cra 80 #197-185
20972;8194613160;Cra 16 #17-153
20973;3032418069;Cra 46 #159-123
20974;5179891128;Cra 13 #178-22
20975;5355988469;Cra 148 #145-42
20976;3649765311;Cra 101 #120-200
20977;9569190112;Cra 109 #39-25
20978;8975969423;Cra 100 #117-20
20979;6821260516;Cra 132 #50-146
20980;3430033438;Cra 28 #200-198
20981;2888513370;Cra 68 #137-73
20982;4800702126;Cra 174 #113-56
20983;5088999111;Cra 97 #49-53
20984;3548970339;Cra 156 #173-176
20985;4314501834;Cra 49 #187-174
20986;3076047937;Cra 53 #96-98
20987;7709540353;Cra 72 #185-84
20988;7370107220;Cra 35 #89-3
20989;8614949054;Cra 130 #161-98
20990;7795880810;Cra 55 #196-157
20991;9261141122;Cra 137 #156-12
20992;1614802010;Cra 168 #44-147
20993;9818199273;Cra 135 #85-94
20994;5999687118;Cra 147 #139-166
20995;9895931740;Cra 123 #143-79
20996;3058577104;Cra 139 #76-133
20997;5317125716;Cra 31 #12-87
20998;2949198779;Cra 23 #61-71
20999;4294365256;Cra 60 #124-134
21000;3701481143;Cra 123 #55-119
21001;1269549603;Cra 124 #47-165
21002;8826395374;Cra 86 #189-71
21003;7997647793;Cra 45 #167-161
21004;7314898517;Cra 68 #15-152
21005;5553280877;Cra 74 #186-71
21006;6947969074;Cra 24 #190-160
21007;2057315040;Cra 78 #125-172
21008;7467719233;Cra 6 #198-163
21009;3424723286;Cra 132 #49-25
21010;5996783974;Cra 163 #114-56
21011;4600612758;Cra 158 #51-94
21012;3612416006;Cra 112 #179-106
21013;4812690938;Cra 81 #26-186
21014;2719406268;Cra 189 #174-126
21015;7709401810;Cra 93 #43-15
21016;3370555680;Cra 80 #133-18
21017;4028215763;Cra 199 #29-117
21018;1607058409;Cra 30 #51-54
21019;8692453841;Cra 166 #120-105
21020;6464570409;Cra 110 #25-62
21021;5846268333;Cra 1 #65-130
21022;5656688443;Cra 142 #46-100
21023;6292290361;Cra 147 #151-61
21024;4555291394;Cra 68 #40-53
21025;8619417617;Cra 198 #143-128
21026;1846955245;Cra 119 #17-8
21027;2504185191;Cra 36 #45-102
21028;8296346301;Cra 195 #101-81
21029;6790141807;Cra 45 #197-8
21030;5890090652;Cra 104 #13-162
21031;3544787268;Cra 147 #85-180
21032;3627728474;Cra 65 #20-84
21033;7443451808;Cra 88 #161-173
21034;4241757856;Cra 122 #158-130
21035;3128748844;Cra 100 #42-199
21036;6684190093;Cra 34 #145-66
21037;4952138062;Cra 18 #114-119
21038;1938940864;Cra 85 #196-189
21039;3127613666;Cra 57 #4-10
21040;1636604311;Cra 65 #57-163
21041;9506734200;Cra 94 #159-64
21042;8846703654;Cra 101 #146-162
21043;2900384371;Cra 179 #138-101
21044;4716110116;Cra 82 #189-171
21045;4184448060;Cra 151 #193-25
21046;1908746512;Cra 168 #96-162
21047;6279530246;Cra 141 #54-105
21048;5091982611;Cra 115 #19-110
21049;1153456637;Cra 20 #56-164
21050;3912724743;Cra 116 #110-49
21051;7961433298;Cra 188 #68-142
21052;7628831492;Cra 2 #39-18
21053;7052474999;Cra 117 #137-2
21054;8989738211;Cra 129 #10-178
21055;5415540015;Cra 45 #145-141
21056;9430006609;Cra 127 #109-57
21057;4372362441;Cra 109 #185-150
21058;6222909775;Cra 78 #31-187
21059;8523201713;Cra 16 #38-43
21060;7186979487;Cra 200 #6-132
21061;5984786117;Cra 8 #191-87
21062;6105710985;Cra 14 #122-145
21063;5133220405;Cra 57 #86-115
21064;3084705735;Cra 139 #2-116
21065;1475751506;Cra 71 #135-30
21066;1715395491;Cra 175 #120-150
21067;3026347757;Cra 137 #179-49
21068;1229031112;Cra 41 #120-108
21069;8320402235;Cra 99 #168-135
21070;5414087658;Cra 190 #41-161
21071;8201474707;Cra 34 #194-71
21072;8104596987;Cra 176 #58-141
21073;6761574052;Cra 64 #126-5
21074;2068292857;Cra 152 #19-130
21075;2741685510;Cra 58 #142-72
21076;3879975939;Cra 64 #17-170
21077;4620337231;Cra 24 #194-3
21078;3510486962;Cra 156 #70-97
21079;6101103765;Cra 151 #158-178
21080;9363848528;Cra 26 #54-176
21081;5731755650;Cra 184 #166-43
21082;6411626092;Cra 24 #180-111
21083;3299908864;Cra 58 #21-188
21084;5538714902;Cra 149 #53-95
21085;5139437528;Cra 136 #87-105
21086;9166054974;Cra 131 #61-184
21087;8229277669;Cra 14 #173-171
21088;1155319035;Cra 175 #193-64
21089;8051260147;Cra 191 #4-75
21090;3332336124;Cra 43 #194-171
21091;3591753211;Cra 40 #182-135
21092;6750443176;Cra 198 #156-65
21093;7093021611;Cra 16 #191-48
21094;2206158710;Cra 5 #142-10
21095;3518329267;Cra 125 #26-166
21096;2756901762;Cra 87 #64-130
21097;5594755346;Cra 6 #191-74
21098;9090783057;Cra 67 #21-152
21099;5845900237;Cra 86 #42-100
21100;4246638517;Cra 105 #68-154
21101;5778572002;Cra 156 #61-26
21102;6619720887;Cra 13 #156-142
21103;1514783411;Cra 181 #32-41
21104;6572154742;Cra 74 #17-148
21105;6204241575;Cra 54 #122-39
21106;8218729304;Cra 180 #130-86
21107;5547589457;Cra 195 #143-92
21108;2931302229;Cra 197 #137-131
21109;4063604840;Cra 84 #83-104
21110;3937962015;Cra 199 #199-132
21111;2590008838;Cra 43 #164-154
21112;4892608704;Cra 175 #89-32
21113;7157979706;Cra 73 #195-116
21114;3697706690;Cra 1 #65-167
21115;1032500401;Cra 58 #44-71
21116;1815690750;Cra 119 #153-195
21117;6999527351;Cra 40 #99-120
21118;9149505216;Cra 95 #179-103
21119;8073821893;Cra 82 #64-197
21120;6799403736;Cra 45 #119-148
21121;5651782814;Cra 104 #184-44
21122;7678720848;Cra 177 #194-9
21123;3745544051;Cra 23 #156-133
21124;7067051540;Cra 60 #65-71
21125;8221865964;Cra 86 #178-155
21126;6981337584;Cra 151 #18-195
21127;7321129950;Cra 51 #51-42
21128;9879895198;Cra 119 #149-43
21129;5509028841;Cra 58 #143-140
21130;6497373333;Cra 54 #59-89
21131;3120847989;Cra 26 #5-45
21132;4118304483;Cra 9 #143-29
21133;7764266427;Cra 179 #4-2
21134;8500784825;Cra 123 #81-34
21135;5738158358;Cra 163 #59-96
21136;4259694707;Cra 96 #46-73
21137;3984799676;Cra 88 #6-164
21138;6576830015;Cra 27 #156-171
21139;1210156389;Cra 12 #199-118
21140;1839610600;Cra 79 #91-117
21141;5491308274;Cra 82 #56-148
21142;4559672219;Cra 179 #16-197
21143;8416785478;Cra 44 #93-52
21144;5009168606;Cra 106 #42-21
21145;6307839788;Cra 75 #128-60
21146;3734921511;Cra 138 #108-179
21147;6440308463;Cra 187 #26-176
21148;4924515235;Cra 164 #143-136
21149;9527469886;Cra 22 #156-173
21150;9027358216;Cra 28 #16-7
21151;7720983159;Cra 152 #196-132
21152;5374972931;Cra 175 #84-178
21153;7498040851;Cra 59 #163-157
21154;6222545098;Cra 130 #194-25
21155;1078923855;Cra 26 #21-50
21156;1763841644;Cra 51 #199-65
21157;5045631848;Cra 15 #79-64
21158;5596963799;Cra 83 #104-145
21159;7951871496;Cra 1 #27-160
21160;9326428287;Cra 162 #22-133
21161;7623859454;Cra 95 #31-144
21162;8069689071;Cra 191 #130-26
21163;9049156730;Cra 78 #96-187
21164;7661834165;Cra 66 #53-66
21165;2032019646;Cra 49 #180-30
21166;2886222266;Cra 193 #137-40
21167;8381944983;Cra 84 #118-146
21168;3991832252;Cra 81 #75-136
21169;2663949948;Cra 83 #143-102
21170;2892473882;Cra 69 #103-122
21171;2117875421;Cra 45 #70-59
21172;3584863409;Cra 112 #115-150
21173;5984319747;Cra 135 #177-88
21174;7990214236;Cra 128 #153-150
21175;8793092563;Cra 92 #57-59
21176;4081846493;Cra 41 #59-7
21177;8633807754;Cra 168 #3-46
21178;7903461084;Cra 110 #39-15
21179;9732445874;Cra 118 #171-119
21180;2218792326;Cra 46 #102-163
21181;4260188784;Cra 141 #180-127
21182;1382855104;Cra 161 #92-89
21183;2548399063;Cra 138 #71-115
21184;7011025387;Cra 74 #18-74
21185;2091949344;Cra 166 #1-51
21186;9119477183;Cra 5 #153-170
21187;3065869538;Cra 160 #75-46
21188;1970246628;Cra 144 #147-111
21189;9660811090;Cra 29 #177-79
21190;5720980100;Cra 62 #140-110
21191;4090563203;Cra 81 #104-76
21192;8840822234;Cra 36 #76-125
21193;5804130071;Cra 131 #67-64
21194;3146956427;Cra 108 #110-152
21195;3287338711;Cra 184 #145-136
21196;8274968882;Cra 44 #165-144
21197;9726273106;Cra 172 #82-128
21198;8686179481;Cra 147 #175-43
21199;1096778468;Cra 198 #7-115
21200;4382394108;Cra 176 #171-80
21201;2439762878;Cra 17 #31-63
21202;2870864524;Cra 97 #65-93
21203;9281076414;Cra 185 #84-71
21204;4132786501;Cra 145 #118-167
21205;9870775939;Cra 27 #59-135
21206;6658530591;Cra 60 #101-82
21207;5580823404;Cra 7 #60-190
21208;7447869657;Cra 127 #31-84
21209;4222955835;Cra 33 #75-34
21210;8518925923;Cra 51 #171-34
21211;1111401239;Cra 113 #126-117
21212;6876737706;Cra 74 #27-3
21213;5594124105;Cra 29 #98-115
21214;7689267290;Cra 135 #44-47
21215;4678278729;Cra 21 #159-180
21216;4666735330;Cra 143 #80-74
21217;6753793178;Cra 49 #124-181
21218;2989302760;Cra 156 #199-196
21219;7655267427;Cra 154 #41-14
21220;3491269829;Cra 86 #17-24
21221;2908892700;Cra 5 #112-112
21222;4915151077;Cra 80 #133-98
21223;1430474803;Cra 126 #41-154
21224;7949597563;Cra 148 #23-71
21225;2854300236;Cra 50 #78-84
21226;7775792379;Cra 2 #50-95
21227;5201500781;Cra 21 #34-133
21228;6352514863;Cra 155 #97-69
21229;8157058219;Cra 168 #5-87
21230;6461586759;Cra 159 #124-31
21231;6353551262;Cra 11 #200-78
21232;6767186123;Cra 144 #110-5
21233;7699676823;Cra 1 #72-40
21234;2232484600;Cra 168 #143-52
21235;5943449954;Cra 105 #158-141
21236;7103882500;Cra 109 #175-37
21237;3056891227;Cra 193 #122-139
21238;2227073116;Cra 135 #159-54
21239;5043319084;Cra 133 #145-159
21240;7624948720;Cra 168 #165-26
21241;8692345156;Cra 16 #157-99
21242;5130396045;Cra 54 #104-138
21243;5387057759;Cra 36 #68-192
21244;4473375327;Cra 52 #185-34
21245;7229734206;Cra 190 #17-109
21246;6395413939;Cra 51 #136-37
21247;9888125441;Cra 31 #3-40
21248;7459896333;Cra 169 #148-21
21249;4288598814;Cra 188 #88-93
21250;1719941676;Cra 75 #134-51
21251;6493575021;Cra 84 #158-65
21252;7369702981;Cra 192 #11-158
21253;7492057999;Cra 68 #17-100
21254;6019483277;Cra 66 #95-191
21255;4686385951;Cra 152 #169-172
21256;9081096542;Cra 162 #181-79
21257;7471966263;Cra 38 #80-28
21258;9483240723;Cra 160 #83-127
21259;7635456100;Cra 180 #7-79
21260;7959359959;Cra 173 #50-157
21261;6010544650;Cra 16 #179-173
21262;3750719536;Cra 188 #122-16
21263;5834573946;Cra 199 #12-194
21264;4508566100;Cra 187 #148-112
21265;1879889389;Cra 17 #64-150
21266;6045859550;Cra 99 #66-154
21267;1799061706;Cra 172 #46-65
21268;6407980846;Cra 108 #153-83
21269;6020982357;Cra 70 #167-136
21270;1732250374;Cra 125 #97-18
21271;4679412344;Cra 170 #19-80
21272;1871466600;Cra 34 #109-21
21273;3179093176;Cra 130 #130-46
21274;4535989531;Cra 178 #39-168
21275;3782302677;Cra 127 #175-13
21276;6935031936;Cra 35 #146-102
21277;8155942058;Cra 117 #194-15
21278;2435562566;Cra 66 #110-164
21279;9849447381;Cra 126 #93-164
21280;1565828004;Cra 199 #151-130
21281;3911190244;Cra 179 #147-194
21282;4583065014;Cra 196 #41-177
21283;2118530113;Cra 110 #140-185
21284;4141013281;Cra 37 #162-194
21285;6950918812;Cra 79 #134-178
21286;6597030910;Cra 39 #98-93
21287;1719867622;Cra 65 #55-62
21288;3827528260;Cra 113 #153-114
21289;8489256472;Cra 83 #163-66
21290;8574404404;Cra 13 #24-97
21291;7340182819;Cra 62 #187-170
21292;3955011405;Cra 151 #63-96
21293;9834225343;Cra 2 #187-115
21294;2963575360;Cra 105 #168-98
21295;1242827012;Cra 88 #21-77
21296;3104555812;Cra 107 #90-166
21297;5845797173;Cra 180 #71-114
21298;9992685369;Cra 123 #14-32
21299;2099171421;Cra 188 #112-138
21300;2625678980;Cra 71 #126-158
21301;4816507580;Cra 148 #123-41
21302;6174827955;Cra 75 #193-191
21303;1025362760;Cra 161 #108-55
21304;8537116475;Cra 98 #101-174
21305;6848014412;Cra 145 #85-149
21306;2205465265;Cra 184 #184-120
21307;2379531916;Cra 135 #38-96
21308;9920870889;Cra 38 #2-72
21309;5669176697;Cra 82 #25-169
21310;4713099842;Cra 118 #103-143
21311;6576026679;Cra 73 #69-2
21312;8906103737;Cra 43 #27-184
21313;8406231618;Cra 102 #60-127
21314;7239669031;Cra 4 #49-96
21315;3548736409;Cra 8 #36-32
21316;9060663828;Cra 115 #161-156
21317;1704963425;Cra 6 #55-31
21318;2461684788;Cra 5 #102-59
21319;3567157056;Cra 33 #164-102
21320;1456760398;Cra 200 #177-108
21321;5263970899;Cra 125 #194-179
21322;2826792570;Cra 156 #162-25
21323;8545822699;Cra 83 #155-155
21324;7042399284;Cra 191 #179-169
21325;2268981369;Cra 38 #91-134
21326;9263073860;Cra 103 #60-93
21327;8878971614;Cra 155 #69-2
21328;4966746518;Cra 166 #148-16
21329;8253127681;Cra 119 #60-79
21330;8740081322;Cra 104 #140-147
21331;2275244792;Cra 24 #181-79
21332;8376173621;Cra 52 #22-65
21333;2486448993;Cra 13 #190-156
21334;9770361542;Cra 15 #193-120
21335;2364752895;Cra 199 #40-103
21336;1782218612;Cra 180 #142-5
21337;3222936120;Cra 151 #198-55
21338;1680358342;Cra 80 #50-197
21339;1620250772;Cra 9 #29-111
21340;1706420046;Cra 168 #94-80
21341;8815738931;Cra 86 #102-87
21342;7846652262;Cra 62 #85-63
21343;6045399368;Cra 165 #14-188
21344;1498289856;Cra 199 #156-24
21345;2722245361;Cra 4 #109-74
21346;5542956388;Cra 107 #31-53
21347;2955331407;Cra 91 #9-14
21348;3798146973;Cra 162 #34-43
21349;2497536548;Cra 141 #19-172
21350;7124575753;Cra 60 #2-114
21351;6100800853;Cra 116 #2-200
21352;6380952579;Cra 96 #172-78
21353;4052664051;Cra 23 #29-74
21354;3108347197;Cra 73 #41-87
21355;6432102967;Cra 38 #7-29
21356;5002505012;Cra 25 #53-20
21357;4823516967;Cra 136 #44-102
21358;1534663693;Cra 72 #149-139
21359;4928122342;Cra 127 #62-107
21360;4340376347;Cra 188 #14-2
21361;2363744571;Cra 58 #82-96
21362;6218156915;Cra 114 #68-108
21363;3831369416;Cra 27 #135-25
21364;6556008681;Cra 144 #190-34
21365;2826833410;Cra 103 #136-138
21366;7074874457;Cra 132 #4-159
21367;1808915793;Cra 71 #167-67
21368;7510188831;Cra 149 #145-152
21369;6950983296;Cra 122 #7-46
21370;2730042293;Cra 111 #109-127
21371;4677878776;Cra 64 #84-138
21372;6124606138;Cra 35 #41-60
21373;3468839272;Cra 23 #88-64
21374;6006957456;Cra 116 #163-134
21375;8253279468;Cra 177 #76-39
21376;7278541621;Cra 59 #140-151
21377;1127925727;Cra 66 #148-27
21378;5703404394;Cra 47 #25-192
21379;9023700717;Cra 160 #10-37
21380;5363962027;Cra 119 #99-133
21381;5123551183;Cra 181 #162-142
21382;2602484241;Cra 84 #132-164
21383;2371347200;Cra 193 #90-2
21384;5231996350;Cra 91 #142-116
21385;2612351279;Cra 51 #129-1
21386;5457460118;Cra 144 #52-117
21387;8942328960;Cra 102 #180-170
21388;5958424539;Cra 84 #116-106
21389;2646981955;Cra 72 #73-198
21390;7037238631;Cra 122 #94-136
21391;4607550243;Cra 68 #120-12
21392;1385482929;Cra 155 #14-184
21393;6391519830;Cra 134 #26-156
21394;9051977081;Cra 118 #69-93
21395;2423815869;Cra 79 #4-127
21396;3553976945;Cra 85 #171-47
21397;9574302630;Cra 178 #10-175
21398;8291326135;Cra 84 #166-35
21399;2389285144;Cra 189 #164-30
21400;4168002048;Cra 13 #23-20
21401;9586720244;Cra 118 #58-34
21402;4109104796;Cra 98 #153-43
21403;8023858491;Cra 173 #61-177
21404;5334723378;Cra 40 #131-43
21405;9838279015;Cra 103 #84-114
21406;3426262081;Cra 189 #79-16
21407;4182267652;Cra 150 #195-63
21408;7460145201;Cra 7 #21-113
21409;4746650524;Cra 136 #32-134
21410;4589152795;Cra 161 #32-186
21411;9375524788;Cra 92 #67-192
21412;1631026183;Cra 51 #58-37
21413;2698382667;Cra 181 #68-130
21414;9637852556;Cra 200 #87-61
21415;9686034013;Cra 188 #146-15
21416;4280534530;Cra 94 #190-49
21417;2142077153;Cra 80 #107-21
21418;2901128290;Cra 27 #125-35
21419;3438052543;Cra 97 #17-187
21420;4881420379;Cra 86 #154-157
21421;3677240570;Cra 154 #164-199
21422;2347333062;Cra 106 #30-186
21423;6655952490;Cra 115 #72-147
21424;4568252124;Cra 41 #189-170
21425;5049559983;Cra 160 #194-85
21426;5138400382;Cra 175 #92-194
21427;1459235470;Cra 126 #114-40
21428;6139008013;Cra 50 #16-21
21429;8452243378;Cra 172 #69-96
21430;5554024684;Cra 47 #64-76
21431;8334077741;Cra 49 #166-57
21432;3529862345;Cra 47 #27-57
21433;8537864372;Cra 147 #13-183
21434;7093018914;Cra 69 #147-145
21435;7715861362;Cra 200 #97-198
21436;4053031107;Cra 193 #188-64
21437;6380752867;Cra 10 #143-72
21438;1026270302;Cra 147 #135-124
21439;5580502490;Cra 193 #173-9
21440;4572320716;Cra 25 #67-33
21441;2309443971;Cra 34 #151-172
21442;4791203664;Cra 155 #175-118
21443;2693109982;Cra 81 #190-39
21444;4432095768;Cra 47 #153-34
21445;3932181595;Cra 184 #11-50
21446;9405944738;Cra 130 #192-196
21447;7091014105;Cra 177 #28-94
21448;4580686096;Cra 6 #123-112
21449;5828428467;Cra 49 #197-96
21450;1152051739;Cra 149 #123-18
21451;3181956641;Cra 116 #3-134
21452;5671747745;Cra 18 #129-163
21453;7507598947;Cra 143 #16-57
21454;7627073168;Cra 81 #87-64
21455;8273478336;Cra 171 #109-180
21456;6102222524;Cra 131 #27-196
21457;2365171207;Cra 121 #187-141
21458;4070267102;Cra 196 #127-96
21459;5793014061;Cra 62 #166-97
21460;4542491320;Cra 129 #67-133
21461;4857574727;Cra 145 #80-173
21462;2965548414;Cra 125 #176-93
21463;3828620331;Cra 20 #116-147
21464;5336723726;Cra 174 #34-117
21465;7551073948;Cra 141 #179-123
21466;3478970293;Cra 164 #134-154
21467;4080674980;Cra 59 #108-85
21468;4520773145;Cra 26 #134-14
21469;1556962420;Cra 77 #143-135
21470;9161537656;Cra 196 #102-31
21471;7043169983;Cra 182 #87-37
21472;6352494510;Cra 114 #163-80
21473;3584195963;Cra 195 #88-69
21474;3891196526;Cra 43 #55-16
21475;6537797832;Cra 196 #80-110
21476;3986413288;Cra 173 #8-159
21477;7018518299;Cra 166 #5-64
21478;1741931431;Cra 40 #129-32
21479;6579563750;Cra 57 #70-60
21480;5330354544;Cra 190 #140-5
21481;8518211356;Cra 10 #12-136
21482;5089904573;Cra 167 #13-6
21483;8664671878;Cra 8 #161-125
21484;7317242916;Cra 128 #103-77
21485;7108431009;Cra 25 #124-136
21486;9071710004;Cra 181 #132-83
21487;4816683263;Cra 148 #195-10
21488;7532955736;Cra 93 #27-148
21489;3277325198;Cra 170 #92-149
21490;2256184943;Cra 156 #70-149
21491;1457782302;Cra 146 #123-37
21492;4569236516;Cra 110 #73-82
21493;5920986376;Cra 139 #58-113
21494;6142712345;Cra 131 #156-105
21495;9813939005;Cra 137 #25-108
21496;8291384870;Cra 44 #163-123
21497;6876316004;Cra 144 #104-48
21498;8799248173;Cra 177 #195-101
21499;3826797187;Cra 199 #22-191
21500;7001160560;Cra 2 #166-91
21501;1016608281;Cra 20 #188-157
21502;9771343876;Cra 56 #185-107
21503;1578846881;Cra 65 #21-36
21504;9752564898;Cra 58 #33-37
21505;5449703908;Cra 141 #8-108
21506;6076748036;Cra 16 #69-187
21507;9679280499;Cra 182 #31-138
21508;9144352044;Cra 124 #180-178
21509;1925648270;Cra 60 #57-75
21510;2121350850;Cra 58 #84-153
21511;2993900761;Cra 150 #198-80
21512;6073056938;Cra 186 #98-6
21513;3171180495;Cra 72 #158-114
21514;2397260489;Cra 184 #85-55
21515;9586035129;Cra 103 #120-16
21516;3606533094;Cra 187 #152-115
21517;9839400565;Cra 88 #163-45
21518;4690698931;Cra 120 #138-43
21519;1817948750;Cra 6 #143-112
21520;2608844269;Cra 150 #8-2
21521;9100583354;Cra 96 #74-78
21522;1745263760;Cra 108 #113-12
21523;1672483125;Cra 182 #69-158
21524;1226225572;Cra 52 #138-32
21525;6131879192;Cra 76 #35-197
21526;3302366706;Cra 170 #130-123
21527;6261259093;Cra 141 #198-198
21528;5044854696;Cra 54 #142-11
21529;9125089872;Cra 25 #51-36
21530;9826080398;Cra 84 #164-101
21531;4945219483;Cra 10 #146-105
21532;5977195424;Cra 192 #121-16
21533;6225114119;Cra 46 #13-52
21534;3931221363;Cra 10 #150-104
21535;3322349326;Cra 178 #4-62
21536;5025795038;Cra 109 #53-189
21537;3083933712;Cra 191 #14-196
21538;9964301682;Cra 2 #21-9
21539;4730934112;Cra 152 #28-167
21540;2058723352;Cra 13 #148-12
21541;6622309460;Cra 113 #16-75
21542;5061596662;Cra 17 #1-15
21543;8156125633;Cra 97 #182-4
21544;7894725373;Cra 153 #148-13
21545;1966484607;Cra 83 #189-185
21546;6945487387;Cra 53 #178-126
21547;6908862479;Cra 176 #37-98
21548;2572893384;Cra 75 #1-158
21549;5564815628;Cra 117 #100-55
21550;3768487543;Cra 128 #156-8
21551;7144693204;Cra 98 #29-40
21552;3950493827;Cra 38 #84-93
21553;4460368212;Cra 171 #158-3
21554;8435984273;Cra 154 #158-17
21555;1536624714;Cra 67 #3-194
21556;3847826011;Cra 177 #86-8
21557;2633321349;Cra 192 #115-101
21558;7035470899;Cra 115 #22-120
21559;9131121760;Cra 54 #63-174
21560;1464294841;Cra 81 #137-173
21561;1669831177;Cra 6 #46-199
21562;3216456726;Cra 76 #35-90
21563;2378065724;Cra 174 #109-149
21564;3708515204;Cra 130 #28-9
21565;5390126225;Cra 157 #10-151
21566;8975746445;Cra 179 #193-178
21567;2908488322;Cra 64 #55-185
21568;6105983420;Cra 196 #73-24
21569;3724855775;Cra 61 #81-173
21570;5337114231;Cra 8 #17-151
21571;5259742718;Cra 59 #181-161
21572;7847341446;Cra 147 #43-38
21573;9782456843;Cra 80 #31-93
21574;7015646980;Cra 32 #92-5
21575;7391269640;Cra 86 #12-104
21576;3137599402;Cra 57 #86-170
21577;6471482249;Cra 151 #104-189
21578;3260231772;Cra 171 #159-44
21579;9660621802;Cra 37 #176-18
21580;6531295302;Cra 78 #59-84
21581;3063064335;Cra 73 #133-194
21582;1022074808;Cra 79 #50-112
21583;3362093559;Cra 81 #11-40
21584;8137229312;Cra 79 #50-104
21585;8829018315;Cra 67 #96-156
21586;3098829740;Cra 28 #162-15
21587;2066769336;Cra 92 #29-112
21588;4461418823;Cra 104 #136-192
21589;7225360942;Cra 77 #42-189
21590;6912447543;Cra 14 #196-91
21591;9898236051;Cra 160 #121-129
21592;7092527852;Cra 103 #88-52
21593;7575882498;Cra 151 #136-16
21594;4696131115;Cra 186 #172-197
21595;1454482444;Cra 81 #6-180
21596;5927688535;Cra 169 #125-127
21597;5606934783;Cra 63 #51-138
21598;8659642434;Cra 5 #110-155
21599;5394901935;Cra 112 #49-130
21600;5180659366;Cra 91 #53-82